Учебна седмица;Тема;Вид;Бележки
1;Линейни параметрични уравнения;НЗ;
2;Линейни параметрични неравенства;УПР;
3;Квадратни параметрични уравнения;НЗ;
4;Квадратни параметрични уравнения;УПР;
5;Квадратни параметрични уравнения;УПР;
6;Квадратни параметрични уравнения;УПР;
7;Дробни уравнения с параметър;НЗ;
8;Системи уравнения с параметър;НЗ;
9;Системи уравнения с параметър;УПР;
10;Ирационални уравнения с параметър;НЗ;
11;Ирационални уравнения с параметър;УПР;
12;Изследване броя на решенията на параметрични уравнения - аналитично решение;ОС;
13;Изследване броя на решенията на параметрични уравнения - аналитично решение;ОС;
14;Контролна работа;ПК;
15;Графики на елементарни функции;ОС;
16;Графики на елементарни функции;ОС;
17;Графики на функции, съдържащи модули;НЗ;
18;Изследване броя на решенията на параметрични уравнения - графично решение;ОС;
19;Графика на функция с параметър;НЗ;
20;Представяне и оценяване на проекти;ОС;
21;Разположение на корените на квадратния тричлен спрямо дадено число ;НЗ;
22;Разположение на корените на квадратния тричлен спрямо дадено число ;УПР;
23;Разположение на корените на квадратния тричлен спрямо дадено число ;НЗ;
24;Разположение на корените на квадратния тричлен спрямо дадено число ;УПР;
25;Разположение на корените на квадратния тричлен спрямо дадено число ;УПР;
26;Разположение на корените на квадратния тричлен спрямо даден интервал;НЗ;
27;Разположение на корените на квадратния тричлен спрямо даден интервал;УПР;
28;Разположение на корените на квадратния тричлен спрямо даден интервал;НЗ;
29;Разположение на корените на квадратния тричлен спрямо даден интервал;УПР;
30;Разположение на корените на квадратния тричлен спрямо даден интервал;УПР;
31;Контролна работа;ПК;
32;Параметърът като равноправна променлива;НЗ;
33;Параметърът като равноправна променлива;УПР;